{
"Noroeste": {
  "Estados": {
    "Baja California": {
      "Actividades-Economicas": "Industria manufacturera orientada a la exportación (maquiladoras, electrónica, automotriz), comercio transfronterizo y servicios.",
      "PIB": 1249623000000,
      "Sueldos-y-salarios": 8230,
      "Habitantes": 3769020
    },
    "Baja California Sur": {
      "Actividades-Economicas": "Sector servicios (turismo) y actividades primarias como pesca, agricultura y minería.",
      "PIB": 235778000000,
      "Sueldos-y-salarios": 12000,
      "Habitantes": 798447
    },
    "Chihuahua": {
      "Actividades-Economicas": "Fuerte sector manufacturero maquilador (electrónica, automotriz, aeroespacial), minería (oro, plata, cobre), comercio y turismo de naturaleza (Sierra Tarahumara).",
      "PIB": 1233960000000,
      "Sueldos-y-salarios": 8430,
      "Habitantes": 3741869
    },
    "Durango": {
      "Actividades-Economicas": "Industria manufacturera (autopartes, textil) y sector minero; además agricultura (maíz, frijol) y ganadería.",
      "PIB": 411813000000,
      "Sueldos-y-salarios": 7520,
      "Habitantes": 1832650
    },
    "Sinaloa": {
      "Actividades-Economicas": "Predominan la agricultura (maíz, trigo, hortalizas), la pesca (especialmente camarón y atún) y la ganadería, con industria alimentaria asociada.",
      "PIB": 691620000000,
      "Sueldos-y-salarios": 8330,
      "Habitantes": 3026943
    },
    "Sonora": {
      "Actividades-Economicas": "Minería (cobre, oro, plata), agricultura (trigo, maíz, vid) y ganadería, así como manufactura (alimentos, autopartes) en maquiladoras.",
      "PIB": 1067770000000,
      "Sueldos-y-salarios": 8110,
      "Habitantes": 2944840
    }
  },
  "Actividades-Economicas": "Zona caracterizada por industria manufacturera (maquiladora) y minería, además de agricultura, pesca, turismo y comercio fronterizo.",
  "PIB": 4890564000000,
  "Sueldos-y-salarios": 8770,
  "Habitantes": 16113769,
  "alumnos": [
    "vela"
  ]
},
  "Noreste": {
    "Estados": {
      "Coahuila": {
        "Actividades-Economicas": "Industria Manufacturera, Servicios Profesionales, Financieros y corporativos",
        "PIB": 4.1,
        "Sueldos-y-salarios": 11412.67,
        "Habitantes": 3146771
      },
      "Nuevo-León": {
        "Actividades-Economicas": "Industria Manufacturera, Comercio, Construcción y Servicios inmobiliarios",
        "PIB": 7.9,
        "Sueldos-y-salarios": 9820,
        "Habitantes": 5784442
      },
      "Tamaulipas": {
        "Actividades-Economicas": "Industria Manufacturera, Comercio, Transporte y almacenamiento, Agroindustrial",
        "PIB": 3.0,
        "Sueldos-y-salarios": 8470,
        "Habitantes": 3527735
      }
    },
    "Actividades-Economicas": "Inudstria Manufacturera, Metal-mecánica, Agroindustria, Servicios",
    "PIB": 14.66,
    "Sueldos-y-salarios": 12596,
    "Habitantes": 12997278,
    "alumnos": [
      "osva",
      "adal"
    ]
  },
  "Occidente": {
    "Estados": {
      "Colima": {
        "Actividades-Economicas": "Servicios portuarios (Puerto de Manzanillo), comercio, turismo, agricultura (limón, coco), minería.",
        "PIB": 150000000000,
        "Sueldos-y-salarios": 9700,
        "Habitantes": 750000
      },
      "Jalisco": {
        "Actividades-Economicas": "Industria tecnológica (Guadalajara), agroindustria (tequila, berries), comercio, turismo, servicios financieros.",
        "PIB": 2000000000000,
        "Sueldos-y-salarios": 11500,
        "Habitantes": 8600000
      },
      "Michoacán": {
        "Actividades-Economicas": "Agricultura (aguacate, berries), minería, turismo cultural, comercio.",
        "PIB": 680000000000,
        "Sueldos-y-salarios": 8400,
        "Habitantes": 5000000
      },
      "Nayarit": {
        "Actividades-Economicas": "Turismo (Riviera Nayarit), pesca, agricultura (tabaco, caña), ganadería.",
        "PIB": 210000000000,
        "Sueldos-y-salarios": 8800,
        "Habitantes": 1400000
      }
    },
    "Actividades-Economicas": "Industria tecnológica, agricultura, turismo, comercio, servicios portuarios y financieros.",
    "PIB": 3040000000000,
    "Sueldos-y-salarios": 9617,
    "Habitantes":15750000,
    "alumnos": [
      "rihani"
    ]
 },

"Centro-País": {
  "Estados": {
    "Aguascalientes": {
      "Actividades-Economicas": "Industria manufacturera (automotriz), servicios, comercio.",
      "PIB": 902651,
      "Sueldos-y-salarios": 62000,
      "Habitantes": 1425607
    },
    "Guanajuato": {
      "Actividades-Economicas": "Industria automotriz, manufactura, agroindustria, comercio.",
      "PIB": 1082329,
      "Sueldos-y-salarios": 65000,
      "Habitantes": 6166934
    },
    "Querétaro": {
      "Actividades-Economicas": "Industria aeronáutica, manufactura, tecnologías de la información.",
      "PIB": 1049834,
      "Sueldos-y-salarios": 68000,
      "Habitantes": 2368467
    },
    "San Luis Potosí": {
      "Actividades-Economicas": "Manufactura, industria automotriz, logística y comercio.",
      "PIB": 1034560,
      "Sueldos-y-salarios": 60000,
      "Habitantes": 2822255
    },
    "Zacatecas": {
      "Actividades-Economicas": "Minería (plata), agricultura, ganadería.",
      "PIB": 313577,
      "Sueldos-y-salarios": 58000,
      "Habitantes": 1622138
    },
    "Estado de México": {
      "Actividades-Economicas": "Manufactura, comercio, servicios, industria alimentaria.",
      "PIB": 2577033,
      "Sueldos-y-salarios": 70000,
      "Habitantes": 16992418
    },
    "Ciudad de México": {
      "Actividades-Economicas": "Servicios financieros, gobierno, telecomunicaciones, comercio.",
      "PIB": 4270240,
      "Sueldos-y-salarios": 89310,
      "Habitantes": 9209944
    }
  },
  "Actividades-Economicas": "Industria manufacturera (automotriz y aeronáutica), servicios financieros, comercio, minería, tecnologías de la información.",
  "PIB": 11269924,
  "Sueldos-y-salarios": 71744,
  "Habitantes":40544363,
  "alumnos": [
    "iron"
  ]
},
"Oriente": {
    "Estados": {
		"Veracruz": {
			"Actividades-Economicas": "Comercios, Construcción, Industria del plástico y de hule",
			"PIB": "1,067,881 MDP",
			"Sueldos-y-salarios": "7,433 mensuales",
			"Habitantes": "8,062,579"
		},
		"Tabasco": {
			"Actividades-Economicas": "Minería petrolera, Agricultura, Comercio",
			"PIB": "767 010 MDP",
			"Sueldos-y-salarios": "6,550 mensuales",
			"Habitantes": "2,402,598"
		}
	},
    "Actividades-Economicas": "Comercios, Míneria petrolera, Agricultura, Construcción, Industria del plástico y de hule",
    "PIB": "1,834,891 MDP",
    "Sueldos-y-salarios": "6,992 mensuales",
    "Habitantes":"10,465,177",
    "alumnos":[
      "charlie",
      "angel"
    ]
  },
"Sur": {
  "Estados": {
    "Chiapas": {
      "Actividades-Economicas": "Agricultura (café, plátano, cacao), ganadería, petróleo, producción hidroeléctrica y turismo ecológico.",
      "PIB": 610000000000,
      "Sueldos-y-salarios": 6500,
      "Habitantes": 5500000
    },
    "Guerrero": {
      "Actividades-Economicas": "Turismo (Acapulco, Ixtapa-Zihuatanejo), pesca, minería (oro, plata), comercio.",
      "PIB": 580000000000,
      "Sueldos-y-salarios": 6700,
      "Habitantes": 3500000
    },
    "Oaxaca": {
      "Actividades-Economicas": "Artesanías, agricultura (maíz, mezcal, café), turismo cultural (Monte Albán, Hierve el Agua), minería.",
      "PIB": 630000000000,
      "Sueldos-y-salarios": 7000,
      "Habitantes": 4100000
    }
  },
  "Actividades-Economicas": "Turismo, agricultura, minería, comercio, producción hidroeléctrica.",
  "PIB": 1820000000000,
  "Sueldos-y-salarios": 6733,
  "Habitantes":13100000,
  "alumnos": [
    "luisito",
    "flores",
    "juanpa"
  ]
},
"Sureste": {
    "Estados": {
      "Yucatan": {
        "Actividades-Economicas": "Turismo, agricultura (maíz, henequén), industria manufacturera, tecnologías de la información, servicios.",
        "PIB": 158700,
        "Sueldos-y-salarios": 10205,
        "Habitantes": 2320900
      },
      "Campeche": {
        "Actividades-Economicas": "Extracción de petróleo y gas, pesca, agricultura (maíz, arroz), servicios públicos y gubernamentales.",
        "PIB": 534889,
        "Sueldos-y-salarios": 11336,
        "Habitantes": 928000
      },
      "Quintana Roo": {
        "Actividades-Economicas": "Turismo (principal motor económico), construcción, comercio, servicios financieros e inmobiliarios.",
        "PIB": 199933,
        "Sueldos-y-salarios": 12013,
        "Habitantes": 1970000
      }
    },
    "Actividades-Economicas": "Turismo, Extracción de petróleo y gas, agricultura, comercio, pesca",
    "PIB": "893,522",
    "Sueldos-y-salarios": "33,554",
    "Habitantes": "5,218,900",
    "alumnos": [
      "diego",
      "joahn",
      "abraham"
    ]
  }

}
